<?xml version="1.0" encoding="UTF-8"?>
<root>
  <item name="com.daniel.try_module.customviews.DateRangeCalendarManager int checkDateRange(java.util.Calendar)">
    <annotation name="androidx.annotation.IntDef">
      <val name="value" val="{com.daniel.try_module.customviews.DateRangeCalendarManager.RANGE_TYPE.NOT_IN_RANGE, com.daniel.try_module.customviews.DateRangeCalendarManager.RANGE_TYPE.START_DATE, com.daniel.try_module.customviews.DateRangeCalendarManager.RANGE_TYPE.MIDDLE_DATE, com.daniel.try_module.customviews.DateRangeCalendarManager.RANGE_TYPE.LAST_DATE}" />
    </annotation>
  </item>
  <item name="com.daniel.try_module.customviews.DateRangeCalendarManager.RANGE_TYPE">
    <annotation name="androidx.annotation.IntDef">
      <val name="value" val="{com.daniel.try_module.customviews.DateRangeCalendarManager.RANGE_TYPE.NOT_IN_RANGE, com.daniel.try_module.customviews.DateRangeCalendarManager.RANGE_TYPE.START_DATE, com.daniel.try_module.customviews.DateRangeCalendarManager.RANGE_TYPE.MIDDLE_DATE, com.daniel.try_module.customviews.DateRangeCalendarManager.RANGE_TYPE.LAST_DATE}" />
    </annotation>
  </item>
  <item name="com.daniel.try_module.customviews.DateRangeMonthView void makeAsSelectedDate(com.daniel.try_module.model.DayContainer, int) 1">
    <annotation name="androidx.annotation.IntDef">
      <val name="value" val="{com.daniel.try_module.customviews.DateRangeCalendarManager.RANGE_TYPE.NOT_IN_RANGE, com.daniel.try_module.customviews.DateRangeCalendarManager.RANGE_TYPE.START_DATE, com.daniel.try_module.customviews.DateRangeCalendarManager.RANGE_TYPE.MIDDLE_DATE, com.daniel.try_module.customviews.DateRangeCalendarManager.RANGE_TYPE.LAST_DATE}" />
    </annotation>
  </item>
</root>

